darthlux,2018-02-13T00:04:38.000Z
elennaowen,2018-02-16T20:40:19.000Z
christophervonsteinbach,2018-02-16T02:52:44.000Z
hot_is_the_new_black,2018-02-16T13:24:48.000Z
mikelrob,2018-02-15T18:55:54.000Z
meganbartonhanson,2018-02-13T21:22:32.000Z
abigailratchford,2018-02-14T17:30:31.000Z
lynaritaa,2018-02-15T17:35:09.000Z
jessicakes33,2018-02-16T17:37:19.000Z
liviagullo,2018-02-11T02:28:45.000Z
dan_hecho,2018-02-16T14:49:21.000Z
emrata,2018-02-16T16:47:04.000Z
tahliaparis,2018-02-14T20:51:47.000Z
nataliesng,2018-02-17T03:56:27.000Z
leannabartlett,2018-02-16T19:52:50.000Z
nadia__rusu,2018-02-14T08:34:41.000Z
osphilia_,2018-02-16T14:28:23.000Z
brendazambranoc,2018-02-11T04:49:58.000Z
bryanaholly,2018-02-14T22:14:06.000Z
aavianablue,2018-02-12T17:19:18.000Z
hootthings,2018-02-16T13:50:26.000Z
simplytattooed,2018-02-01T15:42:13.000Z
kinadoll89,2018-02-17T02:46:32.000Z
hottest_ingame,2018-02-11T19:12:40.000Z
missviho,2018-02-15T02:04:39.000Z
saraunderwood,2018-02-16T22:31:23.000Z
thetogfather,2018-02-14T16:50:23.000Z
missamandaparis,2018-02-16T18:09:37.000Z
lindseypelas,2018-02-16T03:55:25.000Z
anastasiahenesey,2018-02-15T01:24:10.000Z
bimberkeck_,2018-02-14T18:49:22.000Z
scarletbouvss,2018-02-15T20:44:30.000Z
thenobraclub,2018-02-13T23:05:44.000Z
playmateiryna,2018-02-16T15:05:49.000Z
demirosemawby,2018-02-14T23:38:24.000Z
chloeayling,2018-02-16T20:48:19.000Z
miss_tina_louise,2018-02-16T14:22:37.000Z
lacikaysomers,2018-02-16T19:54:19.000Z
elhartista,2018-02-17T02:32:18.000Z
